peptide_num,AA,Pred,H_percent
177,IIRNIARHLRQIGDEMNASIA,CHHHHHHHHHHHHHHHHHHCC,0.8571428571428571
179,IERWIAQELAQVGDSMNRSIA,CHHHHHHHHHHHHHHHHHHCC,0.8571428571428571
190,IIRNIAQELRQVGDEMDRYIA,CHHHHHHHHHHHHHHHHHHCC,0.8571428571428571
166,IERWIARHLARIGDSMNRYYA,CHHHHHHHHHHHHHHHHHHCC,0.8571428571428571
120,PIRWIAQHLAQIGDEFDASIA,CHHHHHHHHHHHHHHHHHHCC,0.8571428571428571
197,IERWIARHLRQVGDEMNRYIA,CHHHHHHHHHHHHHHHHHHCC,0.8571428571428571
145,IIRNIARELRRIGDEFNRSIA,CHHHHHHHHHHHHHHHHHHCC,0.8571428571428571
0,IERNIARHLAQIGDEFNRYIA,CHHHHHHHHHHHHHHHHHHCC,0.8571428571428571
175,IIRWIARHLRQVGDEMDRSIA,CHHHHHHHHHHHHHHHHHHCC,0.8571428571428571
162,PIRNIARELRQVGDSMDRSIA,CHHHHHHHHHHHHHHHHHHCC,0.8571428571428571
194,IERWIAQHLAQIGDEFNAYIA,CHHHHHHHHHHHHHHHHHHCC,0.8571428571428571
167,IIRWIARHLRRIGDEFNRSIA,CHHHHHHHHHHHHHHHHHHCC,0.8571428571428571
161,PERWIAQELRRIGDSMNRSIA,CHHHHHHHHHHHHHHHHHHCC,0.8571428571428571
137,IIRWIAQELRQVGDEFNAYIA,CHHHHHHHHHHHHHHHHHHCC,0.8571428571428571
150,IERWIARELAQVGDSMNRYIA,CHHHHHHHHHHHHHHHHHHCC,0.8571428571428571
195,IIIWIAQHLARIGDEMNASYA,CHHHHHHHHHHHHHHHHHHCC,0.8571428571428571
126,IIRNIARHLRRVGDSMDRSIA,CHHHHHHHHHHHHHHHHHHCC,0.8571428571428571
180,PIRNIARHLRQIGDEMDAYIA,CHHHHHHHHHHHHHHHHHHCC,0.8571428571428571
185,IIRNIARHLAQVGDEFNRYIA,CHHHHHHHHHHHHHHHHHHCC,0.8571428571428571
181,IIRWIAQELRRIGDEMNASIA,CHHHHHHHHHHHHHHHHHHCC,0.8571428571428571
117,IIIWIARELARIGDEMNRSIA,CHHHHHHHHHHHHHHHHHHCC,0.8571428571428571
111,IEIWIAQHLRQIGDEMDAYIA,CHHHHHHHHHHHHHHHHHHCC,0.8571428571428571
176,IERWIAQHLRQIGDSMDRSIA,CHHHHHHHHHHHHHHHHHHCC,0.8571428571428571
1,PIRNIARHLARVGDSMNRYIA,CHHHHHHHHHHHHHHHHHHCC,0.8571428571428571
184,IIRNIAQELAQIGDEFDRSIA,CHHHHHHHHHHHHHHHHHHCC,0.8571428571428571
187,PIIWIARHLARIGDEFNRYIA,CHHHHHHHHHHHHHHHHHHCC,0.8571428571428571
17,IIRWIARHLRRIGDEFNAYIA,CHHHHHHHHHHHHHHHHHHCC,0.8571428571428571
141,PIRWIARELRRVGDEFNAYIA,CCHHHHHHHHHHHHHHHHHCC,0.8095238095238095
15,IIINIAQELAQVGDEFNASIA,CCHHHHHHHHHHHHHHHHHCC,0.8095238095238095
160,IEIWIAQHLRRVGDSMNASIA,CHHHHHHHHHHHHHHHCHHCC,0.8095238095238095
196,IERWIAQHLRRIGDEFNAYYP,CHHHHHHHHHHHHHHHHHCCC,0.8095238095238095
193,PIINIARHLAQVGDSFNAYIA,CCHHHHHHHHHHHHHHHHHCC,0.8095238095238095
155,PEIWIARELAQIGDEMDAYIA,CCHHHHHHHHHHHHHHHHHCC,0.8095238095238095
110,IERNIAQELARIGDEMDAYIA,CCHHHHHHHHHHHHHHHHHCC,0.8095238095238095
118,PIRNIARELRQIGDSMNAYYP,CHHHHHHHHHHHHHHHHHCCC,0.8095238095238095
143,PEIWIARHLRQIGDEFNRYYA,CCHHHHHHHHHHHHHHHHHCC,0.8095238095238095
19,PERNIARELAQIGDEMDRYIA,CCHHHHHHHHHHHHHHHHHCC,0.8095238095238095
172,PEIWIARHLRRIGDEFDRYIA,CCHHHHHHHHHHHHHHHHHCC,0.8095238095238095
191,PIRNIAQELAQIGDEMNRSIA,CCHHHHHHHHHHHHHHHHHCC,0.8095238095238095
128,IEINIAQELAQVGDEFNRSIA,CCHHHHHHHHHHHHHHHHHCC,0.8095238095238095
154,PERWIAQELARVGDEFNRSIA,CCHHHHHHHHHHHHHHHHHCC,0.8095238095238095
132,IERNIAQELARVGDEMDRYIA,CCHHHHHHHHHHHHHHHHHCC,0.8095238095238095
158,PIRWIAQELAQIGDEFDAYIA,CCHHHHHHHHHHHHHHHHHCC,0.8095238095238095
170,IIRWIARELAQVGDSFNRYYP,CHHHHHHHHHHHHHHHHHCCC,0.8095238095238095
142,IIRNIAQELRQVGDSMDRSYA,CHHHHHHHHHHHHHHHCHHCC,0.8095238095238095
169,PIRNIAQHLRQIGDEFNRSIA,CCHHHHHHHHHHHHHHHHHCC,0.8095238095238095
164,PERWIARELRQIGDEMDRYYP,CHHHHHHHHHHHHHHHHHCCC,0.8095238095238095
115,IIIWIAQHLARVGDEMDRYIP,CHHHHHHHHHHHHHHHHHCCC,0.8095238095238095
157,IEIWIAQELRQIGDSFNAYIA,CCHHHHHHHHHHHHHHHHHCC,0.8095238095238095
124,PERNIARHLAQVGDEFNRSIA,CCHHHHHHHHHHHHHHHHHCC,0.8095238095238095
163,IERNIAQELAQVGDSMNASIA,CCHHHHHHHHHHHHHHHHHCC,0.8095238095238095
153,IIINIARHLAQVGDEMNAYYA,CCHHHHHHHHHHHHHHHHHCC,0.8095238095238095
13,IIIWIAQELARIGDSMNAYYA,CCHHHHHHHHHHHHHHHHHCC,0.8095238095238095
136,PIINIAQELRRVGDEFNRSIA,CCHHHHHHHHHHHHHHHHHCC,0.8095238095238095
133,IEIWIAQELRRVGDEMNAYIA,CCHHHHHHHHHHHHHHHHHCC,0.8095238095238095
156,IIIWIARHLRQIGDEFNRYYP,CHHHHHHHHHHHHHHHHHCCC,0.8095238095238095
168,IEINIAQHLRQVGDEFNRSIA,CCHHHHHHHHHHHHHHHHHCC,0.8095238095238095
134,IIINIARELRRVGDSFNRYIA,CCHHHHHHHHHHHHHHHHHCC,0.8095238095238095
199,IERNIAQELRRIGDEMNAYYA,CCHHHHHHHHHHHHHHHHHCC,0.8095238095238095
149,IIRNIAQHLRQIGDEFDRYYP,CHHHHHHHHHHHHHHHHHCCC,0.8095238095238095
131,IIINIARELAQIGDEMDAYIA,CCHHHHHHHHHHHHHHHHHCC,0.8095238095238095
183,PERNIAQHLRQVGDSMNRYIA,CCCHHHHHHHHHHHHHHHHCC,0.7619047619047619
12,IIINIAQHLRRVGDEFDAYIA,CCHHHHHHHHHHHHHCHHHCC,0.7619047619047619
18,IERWIARELRRIGDEFDASYA,CHHHHHHHHHHHHHHCCHHCC,0.7619047619047619
11,PIINIARELARIGDSMDRYIP,CCHHHHHHHHHHHHHHHHCCC,0.7619047619047619
140,IERNIAQHLAQVGDSMNAYYP,CCHHHHHHHHHHHHHHHHCCC,0.7619047619047619
119,PIINIARHLRRIGDSMDAYIA,CCHHHHHHHHHHHHHCHHHCC,0.7619047619047619
147,PIINIARHLAQVGDEMDRYIP,CCHHHHHHHHHHHHHHHHCCC,0.7619047619047619
165,PIRWIARELRRIGDEFDAYIA,CCHHHHHHHHHHHHHCHHHCC,0.7619047619047619
188,PEIWIARHLRRIGDEFDRSIP,CCHHHHHHHHHHHHHHHHCCC,0.7619047619047619
14,PIRNIAQHLRRIGDSFDAYIA,CCHHHHHHHHHHHHHCHHHCC,0.7619047619047619
182,IEINIARHLRRVGDEMNRYYP,CCHHHHHHHHHHHHHHHHCCC,0.7619047619047619
178,IEINIAQELRQVGDEFDRYIA,CCCHHHHHHHHHHHHHHHHCC,0.7619047619047619
16,IEINIARELAQVGDSFDRSIA,CCHHHHHHHHHHHHHCHHHCC,0.7619047619047619
130,IEINIARHLRRIGDEFNRYYP,CCHHHHHHHHHHHHHHHHCCC,0.7619047619047619
112,PIIWIAQELRQVGDEMDASIA,CCCHHHHHHHHHHHHHHHHCC,0.7619047619047619
10,PEINIARELAQIGDSMNASIA,CCCHHHHHHHHHHHHHCHHCC,0.7142857142857143
152,IEIWIARHLRRVGDSFDAYIA,CHHHHHHHHHHHHCCCHHHCC,0.7142857142857143
122,PERWIARELAQIGDEFDASYA,CCHHHHHHHHHHHHHCCHHCC,0.7142857142857143
198,PEINIAQHLARIGDEMNRYIA,CCCCHHHHHHHHHHHHHHHCC,0.7142857142857143
146,PIRWIAQELRRIGDSFDRSIA,CCHHHHHHHHHHHHHCCHHCC,0.7142857142857143
189,PEINIAQHLRQVGDEFNRYIA,CCCCHHHHHHHHHHHHHHHCC,0.7142857142857143
139,PEINIAQHLRQIGDSMDRYIA,CCCCHHHHHHHHHHHHHHHCC,0.7142857142857143
135,PEIWIARELAQVGDSMDRYIA,CCCHHHHHHHHHCHHHHHHCC,0.7142857142857143
186,IEIWIAQELRQIGDSFDRSIA,CCHHHHHHHHHHHHHCCHHCC,0.7142857142857143
173,PIINIAQHLARVGDSFNRYIA,CCCCHHHHHHHHHHHHHHHCC,0.7142857142857143
121,PIINIAQELRQIGDEFDASIA,CCHHHHHHHHHHHHHCCHHCC,0.7142857142857143
116,PIIWIARELAQIGDSMNAYIA,CCEEHHHHHHHHHHHHHHHCC,0.7142857142857143
123,PEINIAQELARVGDEMNRYIA,CCCCHHHHHHHHHHHHHHHCC,0.7142857142857143
159,IEIWIARHLRRVGDSMDAYIA,CHHHHHHHHHHHHCCCHHHCC,0.7142857142857143
144,PIINIAQHLRRVGDSMNAYIA,CCCCHHHHHHHHHHHHHHHCC,0.7142857142857143
174,PIINIAQHLARIGDSMNRYYA,CCCCHHHHHHHHHHHHHHHCC,0.7142857142857143
127,IIRNIARHLAQIGDEFDASYP,CHHHHHHHHHHHHHHCCCCCC,0.6666666666666666
192,PIINIAQHLRRIGDEMDRSYP,CCCCHHHHHHHHHHHHHHCCC,0.6666666666666666
113,PEINIAQHLRQVGDEMDRSIP,CCCCHHHHHHHHHHHHHHCCC,0.6666666666666666
171,IERNIARELAQVGDEMDASYP,CCHHHHHHHHHHHHHHCCCCC,0.6666666666666666
148,PIIWIARELRQVGDEFDAYIA,CCEEEHHHHHHHHHHCHHHCC,0.6190476190476191
138,PEINIARHLAQIGDEFDASYP,CCHHHHHHHHHHHHHCCCCCC,0.6190476190476191
129,PIRNIAQHLARIGDSFDRSIP,CCHHHHHHHHHHHHHCCCCCC,0.6190476190476191
151,IEINIAQHLRQIGDEFDASIP,CCCHHHHHHHHHHHHHCCCCC,0.6190476190476191
114,PIINIARHLRQIGDSFDASYA,CCHHHHHHHHHHHHHCCCCCC,0.6190476190476191
125,PIINIAQHLARVGDSMDRSYP,CCCCHHHHHHHHHHHCCCCCC,0.5238095238095238
